1,Karina,Diggle,kdiggle0@cloudflare.com,(183) 7239797,27/02/2023,11:00,89
2,Lovell,Spreadbury,lspreadbury1@feedburner.com,(878) 1330545,28/02/2023,12:00,35
3,Broderic,Vaggs,bvaggs2@is.gd,(457) 5654321,21/04/2023,13:00,26
4,Daniela,Leppington,dleppington3@ovh.net,(370) 9406788,10/11/2022,19:00,59
5,Grantley,Boerder,gboerder4@timesonline.co.uk,(884) 5737117,08/12/2022,12:30,60
6,Giulietta,Lucius,glucius5@usda.gov,(465) 9201218,15/04/2023,13:30,52
7,Albertina,McFadden,amcfadden6@pen.io,(926) 5732038,02/06/2023,18:30,81
8,Tabitha,Butterick,tbutterick7@theatlantic.com,(488) 3618867,13/12/2022,09:00,2
9,Manda,Glaister,mglaister8@umn.edu,(195) 8350295,07/02/2023,15:30,9
10,Stirling,Scraggs,sscraggs9@miitbeian.gov.cn,(783) 2938700,02/09/2022,16:00,24
